{
  "posts": [
    {
      "id": 1,
      "title": "json-server-1",
      "author": "typicode"
    },
    {
      "id": 2,
      "title": "json-server-2",
      "author": "typicode"
    },
    {
      "id": 3,
      "title": "json-server-3",
      "author": "typicode"
    },
    {
      "id": 4,
      "title": "json-server-4",
      "author": "typicode"
    },
    {
      "id": 5,
      "title": "json-server-5",
      "author": "typicode"
    },
    {
      "title": "new data",
      "id": 6
    }
  ],
  "comments": [
    {
      "id": 1,
      "body": "some comment",
      "postId": 1
    }
  ],
  "profile": {
    "name": "typicode"
  }
}